,Sample_Name,Subject.ID,CellType,Sex,Age,Array,Slide,Study,SampleID,CellTypeLong,ArrayTypes,CellType_original,Reclassified
3999984027_R02C01,BakFW001,BakFW001,CD4T,M,0,R02C01,3999984027    ,Bakulski,FW001,CD4T,IlluminaHumanMethylation450k,CD4T,No
3999984027_R06C01,BakFW001,BakFW001,NK,M,0,R06C01,3999984027    ,Bakulski,FW001,NK,IlluminaHumanMethylation450k,NK,No
3999984027_R01C02,BakFW001,BakFW001,nRBC,M,0,R01C02,3999984027    ,Bakulski,FW001,nRBC,IlluminaHumanMethylation450k,nRBC,No
3999984027_R02C02,BakFW007,BakFW007,Bcell,F,0,R02C02,3999984027    ,Bakulski,FW007,Bcell,IlluminaHumanMethylation450k,Bcell,No
3999984027_R04C02,BakFW007,BakFW007,Mono,F,0,R04C02,3999984027    ,Bakulski,FW007,Mono,IlluminaHumanMethylation450k,Mono,No
3999984027_R05C02,BakFW007,BakFW007,nRBC,F,0,R05C02,3999984027    ,Bakulski,FW007,nRBC,IlluminaHumanMethylation450k,nRBC,No
3999984027_R06C02,BakFW007,BakFW007,WBC,F,0,R06C02,3999984027    ,Bakulski,FW007,WBC,IlluminaHumanMethylation450k,WBC,No
3999997142_R01C01,BakFW002,BakFW002,Bcell,F,0,R01C01,3999997142    ,Bakulski,FW002,Bcell,IlluminaHumanMethylation450k,Bcell,No
3999997142_R02C01,BakFW002,BakFW002,CD4T,F,0,R02C01,3999997142    ,Bakulski,FW002,CD4T,IlluminaHumanMethylation450k,CD4T,No
3999997142_R03C01,BakFW002,BakFW002,CD8T,F,0,R03C01,3999997142    ,Bakulski,FW002,CD8T,IlluminaHumanMethylation450k,CD8T,No
3999997142_R04C01,BakFW002,BakFW002,Mono,F,0,R04C01,3999997142    ,Bakulski,FW002,Mono,IlluminaHumanMethylation450k,Mono,No
3999997142_R05C01,BakFW002,BakFW002,NK,F,0,R05C01,3999997142    ,Bakulski,FW002,NK,IlluminaHumanMethylation450k,NK,No
3999997142_R06C01,BakFW002,BakFW002,nRBC,F,0,R06C01,3999997142    ,Bakulski,FW002,nRBC,IlluminaHumanMethylation450k,nRBC,No
3999997142_R02C02,BakFW010,BakFW010,CD4T,M,0,R02C02,3999997142    ,Bakulski,FW010,CD4T,IlluminaHumanMethylation450k,CD4T,No
3999997142_R04C02,BakFW010,BakFW010,Gran,M,0,R04C02,3999997142    ,Bakulski,FW010,Gran,IlluminaHumanMethylation450k,Gran,No
3999997142_R05C02,BakFW010,BakFW010,Mono,M,0,R05C02,3999997142    ,Bakulski,FW010,Mono,IlluminaHumanMethylation450k,Mono,No
3999997142_R06C02,BakFW010,BakFW010,NK,M,0,R06C02,3999997142    ,Bakulski,FW010,NK,IlluminaHumanMethylation450k,NK,No
3999984058_R01C01,BakFW009,BakFW009,WBC,F,0,R01C01,3999984058    ,Bakulski,FW009,WBC,IlluminaHumanMethylation450k,WBC,No
3999984058_R02C01,BakFW010,BakFW010,WBC,M,0,R02C01,3999984058    ,Bakulski,FW010,WBC,IlluminaHumanMethylation450k,WBC,No
3999984058_R03C01,BakFW008,BakFW008,Bcell,M,0,R03C01,3999984058    ,Bakulski,FW008,Bcell,IlluminaHumanMethylation450k,Bcell,No
3999984058_R04C01,BakFW008,BakFW008,CD4T,M,0,R04C01,3999984058    ,Bakulski,FW008,CD4T,IlluminaHumanMethylation450k,CD4T,No
3999984058_R06C01,BakFW008,BakFW008,Mono,M,0,R06C01,3999984058    ,Bakulski,FW008,Mono,IlluminaHumanMethylation450k,Mono,No
3999984058_R01C02,BakFW008,BakFW008,NK,M,0,R01C02,3999984058    ,Bakulski,FW008,NK,IlluminaHumanMethylation450k,NK,No
3999984058_R02C02,BakFW008,BakFW008,WBC,M,0,R02C02,3999984058    ,Bakulski,FW008,WBC,IlluminaHumanMethylation450k,WBC,No
3999984059_R01C01,BakFW011,BakFW011,Gran,F,0,R01C01,3999984059    ,Bakulski,FW011,Gran,IlluminaHumanMethylation450k,Gran,No
3999984059_R02C01,BakFW011,BakFW011,Mono,F,0,R02C01,3999984059    ,Bakulski,FW011,Mono,IlluminaHumanMethylation450k,Mono,No
3999984059_R03C01,BakFW011,BakFW011,NK,F,0,R03C01,3999984059    ,Bakulski,FW011,NK,IlluminaHumanMethylation450k,NK,No
3999984059_R04C01,BakFW011,BakFW011,WBC,F,0,R04C01,3999984059    ,Bakulski,FW011,WBC,IlluminaHumanMethylation450k,WBC,No
3999984059_R06C01,BakFW012,BakFW012,Bcell,M,0,R06C01,3999984059    ,Bakulski,FW012,Bcell,IlluminaHumanMethylation450k,Bcell,No
3999984059_R01C02,BakFW012,BakFW012,CD4T,M,0,R01C02,3999984059    ,Bakulski,FW012,CD4T,IlluminaHumanMethylation450k,CD4T,No
3999984059_R03C02,BakFW012,BakFW012,Gran,M,0,R03C02,3999984059    ,Bakulski,FW012,Gran,IlluminaHumanMethylation450k,Gran,No
3999984059_R04C02,BakFW012,BakFW012,Mono,M,0,R04C02,3999984059    ,Bakulski,FW012,Mono,IlluminaHumanMethylation450k,Mono,No
3999984059_R05C02,BakFW012,BakFW012,NK,M,0,R05C02,3999984059    ,Bakulski,FW012,NK,IlluminaHumanMethylation450k,NK,No
3999984059_R06C02,BakFW012,BakFW012,WBC,M,0,R06C02,3999984059    ,Bakulski,FW012,WBC,IlluminaHumanMethylation450k,WBC,No
3999492002_R01C01,BakFW013,BakFW013,Bcell,M,0,R01C01,3999492002    ,Bakulski,FW013,Bcell,IlluminaHumanMethylation450k,Bcell,No
3999492002_R02C01,BakFW013,BakFW013,CD4T,M,0,R02C01,3999492002    ,Bakulski,FW013,CD4T,IlluminaHumanMethylation450k,CD4T,No
3999492002_R04C01,BakFW013,BakFW013,Gran,M,0,R04C01,3999492002    ,Bakulski,FW013,Gran,IlluminaHumanMethylation450k,Gran,No
3999492002_R05C01,BakFW013,BakFW013,Mono,M,0,R05C01,3999492002    ,Bakulski,FW013,Mono,IlluminaHumanMethylation450k,Mono,No
3999492002_R06C01,BakFW013,BakFW013,NK,M,0,R06C01,3999492002    ,Bakulski,FW013,NK,IlluminaHumanMethylation450k,NK,No
3999492002_R01C02,BakFW013,BakFW013,WBC,M,0,R01C02,3999492002    ,Bakulski,FW013,WBC,IlluminaHumanMethylation450k,WBC,No
3999492002_R02C02,BakFW014,BakFW014,Bcell,F,0,R02C02,3999492002    ,Bakulski,FW014,Bcell,IlluminaHumanMethylation450k,Bcell,No
3999492002_R05C02,BakFW014,BakFW014,Gran,F,0,R05C02,3999492002    ,Bakulski,FW014,Gran,IlluminaHumanMethylation450k,Gran,No
3999492002_R06C02,BakFW014,BakFW014,Mono,F,0,R06C02,3999492002    ,Bakulski,FW014,Mono,IlluminaHumanMethylation450k,Mono,No
3999492113_R01C01,BakFW014,BakFW014,NK,F,0,R01C01,3999492113    ,Bakulski,FW014,NK,IlluminaHumanMethylation450k,NK,No
3999492113_R02C01,BakFW014,BakFW014,WBC,F,0,R02C01,3999492113    ,Bakulski,FW014,WBC,IlluminaHumanMethylation450k,WBC,No
3999492113_R06C01,BakFW015,BakFW015,Gran,F,0,R06C01,3999492113    ,Bakulski,FW015,Gran,IlluminaHumanMethylation450k,Gran,No
3999492113_R01C02,BakFW015,BakFW015,Mono,F,0,R01C02,3999492113    ,Bakulski,FW015,Mono,IlluminaHumanMethylation450k,Mono,No
3999492113_R03C02,BakFW015,BakFW015,WBC,F,0,R03C02,3999492113    ,Bakulski,FW015,WBC,IlluminaHumanMethylation450k,WBC,No
3999492113_R04C02,BakFW016,BakFW016,Bcell,F,0,R04C02,3999492113    ,Bakulski,FW016,Bcell,IlluminaHumanMethylation450k,Bcell,No
3999492113_R06C02,BakFW016,BakFW016,NK,F,0,R06C02,3999492113    ,Bakulski,FW016,NK,IlluminaHumanMethylation450k,CD8T,Yes
3999492029_R01C01,BakFW016,BakFW016,Gran,F,0,R01C01,3999492029    ,Bakulski,FW016,Gran,IlluminaHumanMethylation450k,Gran,No
3999492029_R02C01,BakFW016,BakFW016,Mono,F,0,R02C01,3999492029    ,Bakulski,FW016,Mono,IlluminaHumanMethylation450k,Mono,No
3999492029_R03C01,BakFW016,BakFW016,NK,F,0,R03C01,3999492029    ,Bakulski,FW016,NK,IlluminaHumanMethylation450k,NK,No
3999492029_R04C01,BakFW016,BakFW016,nRBC,F,0,R04C01,3999492029    ,Bakulski,FW016,nRBC,IlluminaHumanMethylation450k,nRBC,No
3999492029_R05C01,BakFW016,BakFW016,WBC,F,0,R05C01,3999492029    ,Bakulski,FW016,WBC,IlluminaHumanMethylation450k,WBC,No
3999492029_R06C01,BakFW017,BakFW017,Bcell,M,0,R06C01,3999492029    ,Bakulski,FW017,Bcell,IlluminaHumanMethylation450k,Bcell,No
3999492029_R03C02,BakFW017,BakFW017,Gran,M,0,R03C02,3999492029    ,Bakulski,FW017,Gran,IlluminaHumanMethylation450k,Gran,No
3999492029_R04C02,BakFW017,BakFW017,Mono,M,0,R04C02,3999492029    ,Bakulski,FW017,Mono,IlluminaHumanMethylation450k,Mono,No
3999492029_R05C02,BakFW017,BakFW017,NK,M,0,R05C02,3999492029    ,Bakulski,FW017,NK,IlluminaHumanMethylation450k,NK,No
3999492029_R06C02,BakFW017,BakFW017,WBC,M,0,R06C02,3999492029    ,Bakulski,FW017,WBC,IlluminaHumanMethylation450k,WBC,No
3999492043_R01C01,BakFW020,BakFW020,WBC,F,0,R01C01,3999492043    ,Bakulski,FW020,WBC,IlluminaHumanMethylation450k,WBC,No
3999492043_R02C01,BakFW018,BakFW018,Bcell,F,0,R02C01,3999492043    ,Bakulski,FW018,Bcell,IlluminaHumanMethylation450k,Bcell,No
3999492043_R03C01,BakFW018,BakFW018,CD4T,F,0,R03C01,3999492043    ,Bakulski,FW018,CD4T,IlluminaHumanMethylation450k,CD4T,No
3999492043_R05C01,BakFW018,BakFW018,Gran,F,0,R05C01,3999492043    ,Bakulski,FW018,Gran,IlluminaHumanMethylation450k,Gran,No
3999492043_R06C01,BakFW018,BakFW018,Mono,F,0,R06C01,3999492043    ,Bakulski,FW018,Mono,IlluminaHumanMethylation450k,Mono,No
3999492043_R01C02,BakFW018,BakFW018,NK,F,0,R01C02,3999492043    ,Bakulski,FW018,NK,IlluminaHumanMethylation450k,NK,No
3999492043_R02C02,BakFW018,BakFW018,WBC,F,0,R02C02,3999492043    ,Bakulski,FW018,WBC,IlluminaHumanMethylation450k,WBC,No
3999492043_R03C02,BakFW021,BakFW021,Bcell,M,0,R03C02,3999492043    ,Bakulski,FW021,Bcell,IlluminaHumanMethylation450k,Bcell,No
3999492043_R04C02,BakFW021,BakFW021,CD4T,M,0,R04C02,3999492043    ,Bakulski,FW021,CD4T,IlluminaHumanMethylation450k,CD4T,No
3999492043_R05C02,BakFW021,BakFW021,CD8T,M,0,R05C02,3999492043    ,Bakulski,FW021,CD8T,IlluminaHumanMethylation450k,CD8T,No
3999492043_R06C02,BakFW021,BakFW021,Gran,M,0,R06C02,3999492043    ,Bakulski,FW021,Gran,IlluminaHumanMethylation450k,Gran,No
3999492054_R01C01,BakFW021,BakFW021,Mono,M,0,R01C01,3999492054    ,Bakulski,FW021,Mono,IlluminaHumanMethylation450k,Mono,No
3999492054_R02C01,BakFW021,BakFW021,NK,M,0,R02C01,3999492054    ,Bakulski,FW021,NK,IlluminaHumanMethylation450k,NK,No
3999492054_R03C01,BakFW021,BakFW021,WBC,M,0,R03C01,3999492054    ,Bakulski,FW021,WBC,IlluminaHumanMethylation450k,WBC,No
3999492054_R04C01,BakFW023,BakFW023,Bcell,M,0,R04C01,3999492054    ,Bakulski,FW023,Bcell,IlluminaHumanMethylation450k,Bcell,No
3999492054_R01C02,BakFW023,BakFW023,Gran,M,0,R01C02,3999492054    ,Bakulski,FW023,Gran,IlluminaHumanMethylation450k,Gran,No
3999492054_R02C02,BakFW023,BakFW023,Mono,M,0,R02C02,3999492054    ,Bakulski,FW023,Mono,IlluminaHumanMethylation450k,Mono,No
3999492054_R03C02,BakFW023,BakFW023,NK,M,0,R03C02,3999492054    ,Bakulski,FW023,NK,IlluminaHumanMethylation450k,NK,No
3999492054_R05C02,BakFW023,BakFW023,WBC,M,0,R05C02,3999492054    ,Bakulski,FW023,WBC,IlluminaHumanMethylation450k,WBC,No
3999492054_R06C02,BakFW023,BakFW023,CD4T,M,0,R06C02,3999492054    ,Bakulski,FW023,CD4T,IlluminaHumanMethylation450k,CD4T,No
CD4+_4,CD4+_4,Gervin4,CD4T,F,0,R01C01,3998909141    ,Gervin,4,CD4+ T-cells,IlluminaHumanMethylation450k,CD4T,No
CD4+_5,CD4+_5,Gervin5,CD8T,M,0,R02C01,3998909141    ,Gervin,5,CD8+ T-cells,IlluminaHumanMethylation450k,CD4T,Yes
CD4+_6,CD4+_6,Gervin6,CD4T,M,0,R03C01,3998909141    ,Gervin,6,CD4+ T-cells,IlluminaHumanMethylation450k,CD4T,No
CD4+_12,CD4+_12,Gervin12,CD4T,M,0,R04C01,3998909141    ,Gervin,12,CD4+ T-cells,IlluminaHumanMethylation450k,CD4T,No
CD4+_16,CD4+_16,Gervin16,CD4T,M,0,R05C01,3998909141    ,Gervin,16,CD4+ T-cells,IlluminaHumanMethylation450k,CD4T,No
CD4+_17,CD4+_17,Gervin17,CD4T,M,0,R06C01,3998909141    ,Gervin,17,CD4+ T-cells,IlluminaHumanMethylation450k,CD4T,No
CD4+_18,CD4+_18,Gervin18,CD8T,F,0,R01C02,3998909141    ,Gervin,18,CD8+ T-cells,IlluminaHumanMethylation450k,CD4T,Yes
CD4+_20,CD4+_20,Gervin20,CD8T,F,0,R02C02,3998909141    ,Gervin,20,CD8+ T-cells,IlluminaHumanMethylation450k,CD4T,Yes
CD4+_21,CD4+_21,Gervin21,CD4T,F,0,R03C02,3998909141    ,Gervin,21,CD4+ T-cells,IlluminaHumanMethylation450k,CD4T,No
CD4+_22,CD4+_22,Gervin22,CD4T,F,0,R04C02,3998909141    ,Gervin,22,CD4+ T-cells,IlluminaHumanMethylation450k,CD4T,No
CD4+_23,CD4+_23,Gervin23,CD4T,F,0,R05C02,3998909141    ,Gervin,23,CD4+ T-cells,IlluminaHumanMethylation450k,CD4T,No
CD8+_4,CD8+_4,Gervin4,CD8T,F,0,R01C01,3998909147    ,Gervin,4,CD8+ T-cells,IlluminaHumanMethylation450k,CD8T,No
CD8+_5,CD8+_5,Gervin5,CD4T,M,0,R02C01,3998909147    ,Gervin,5,CD4+ T-cells,IlluminaHumanMethylation450k,CD8T,Yes
CD8+_6,CD8+_6,Gervin6,CD8T,M,0,R03C01,3998909147    ,Gervin,6,CD8+ T-cells,IlluminaHumanMethylation450k,CD8T,No
CD8+_12,CD8+_12,Gervin12,CD8T,M,0,R04C01,3998909147    ,Gervin,12,CD8+ T-cells,IlluminaHumanMethylation450k,CD8T,No
CD8+_16,CD8+_16,Gervin16,CD8T,M,0,R05C01,3998909147    ,Gervin,16,CD8+ T-cells,IlluminaHumanMethylation450k,CD8T,No
CD8+_17,CD8+_17,Gervin17,CD8T,M,0,R06C01,3998909147    ,Gervin,17,CD8+ T-cells,IlluminaHumanMethylation450k,CD8T,No
CD8+_18,CD8+_18,Gervin18,CD4T,F,0,R01C02,3998909147    ,Gervin,18,CD4+ T-cells,IlluminaHumanMethylation450k,CD8T,Yes
CD8+_20,CD8+_20,Gervin20,CD4T,F,0,R02C02,3998909147    ,Gervin,20,CD4+ T-cells,IlluminaHumanMethylation450k,CD8T,Yes
CD8+_21,CD8+_21,Gervin21,CD8T,F,0,R03C02,3998909147    ,Gervin,21,CD8+ T-cells,IlluminaHumanMethylation450k,CD8T,No
CD8+_22,CD8+_22,Gervin22,CD8T,F,0,R04C02,3998909147    ,Gervin,22,CD8+ T-cells,IlluminaHumanMethylation450k,CD8T,No
CD8+_23,CD8+_23,Gervin23,CD8T,F,0,R05C02,3998909147    ,Gervin,23,CD8+ T-cells,IlluminaHumanMethylation450k,CD8T,No
CD14+_12,CD14+_12,Gervin12,Mono,M,0,R04C01,3998909162    ,Gervin,12,CD14+ Monocytes,IlluminaHumanMethylation450k,Mono,No
CD14+_16,CD14+_16,Gervin16,Mono,M,0,R05C01,3998909162    ,Gervin,16,CD14+ Monocytes,IlluminaHumanMethylation450k,Mono,No
CD14+_17,CD14+_17,Gervin17,Mono,M,0,R06C01,3998909162    ,Gervin,17,CD14+ Monocytes,IlluminaHumanMethylation450k,Mono,No
CD14+_18,CD14+_18,Gervin18,Mono,F,0,R01C02,3998909162    ,Gervin,18,CD14+ Monocytes,IlluminaHumanMethylation450k,Mono,No
CD14+_20,CD14+_20,Gervin20,Mono,F,0,R02C02,3998909162    ,Gervin,20,CD14+ Monocytes,IlluminaHumanMethylation450k,Mono,No
CD14+_21,CD14+_21,Gervin21,Mono,F,0,R03C02,3998909162    ,Gervin,21,CD14+ Monocytes,IlluminaHumanMethylation450k,Mono,No
CD14+_22,CD14+_22,Gervin22,Mono,F,0,R04C02,3998909162    ,Gervin,22,CD14+ Monocytes,IlluminaHumanMethylation450k,Mono,No
CD14+_23,CD14+_23,Gervin23,Mono,F,0,R05C02,3998909162    ,Gervin,23,CD14+ Monocytes,IlluminaHumanMethylation450k,Mono,No
CD19+_4,CD19+_4,Gervin4,Bcell,F,0,R01C01,3998909167    ,Gervin,4,CD19+ B-cells,IlluminaHumanMethylation450k,Bcell,No
CD19+_5,CD19+_5,Gervin5,Bcell,M,0,R02C01,3998909167    ,Gervin,5,CD19+ B-cells,IlluminaHumanMethylation450k,Bcell,No
CD19+_6,CD19+_6,Gervin6,Bcell,M,0,R03C01,3998909167    ,Gervin,6,CD19+ B-cells,IlluminaHumanMethylation450k,Bcell,No
CD19+_12,CD19+_12,Gervin12,Bcell,M,0,R04C01,3998909167    ,Gervin,12,CD19+ B-cells,IlluminaHumanMethylation450k,Bcell,No
CD19+_16,CD19+_16,Gervin16,Bcell,M,0,R05C01,3998909167    ,Gervin,16,CD19+ B-cells,IlluminaHumanMethylation450k,Bcell,No
CD19+_17,CD19+_17,Gervin17,Bcell,M,0,R06C01,3998909167    ,Gervin,17,CD19+ B-cells,IlluminaHumanMethylation450k,Bcell,No
CD19+_18,CD19+_18,Gervin18,Bcell,F,0,R01C02,3998909167    ,Gervin,18,CD19+ B-cells,IlluminaHumanMethylation450k,Bcell,No
CD19+_20,CD19+_20,Gervin20,Bcell,F,0,R02C02,3998909167    ,Gervin,20,CD19+ B-cells,IlluminaHumanMethylation450k,Bcell,No
CD19+_21,CD19+_21,Gervin21,Bcell,F,0,R03C02,3998909167    ,Gervin,21,CD19+ B-cells,IlluminaHumanMethylation450k,Bcell,No
CD19+_22,CD19+_22,Gervin22,Bcell,F,0,R04C02,3998909167    ,Gervin,22,CD19+ B-cells,IlluminaHumanMethylation450k,Bcell,No
CD19+_23,CD19+_23,Gervin23,Bcell,F,0,R05C02,3998909167    ,Gervin,23,CD19+ B-cells,IlluminaHumanMethylation450k,Bcell,No
CD56+_4,CD56+_4,Gervin4,NK,F,0,R01C01,3998909168    ,Gervin,4,CD56+ NK-cells,IlluminaHumanMethylation450k,NK,No
CD56+_5,CD56+_5,Gervin5,NK,M,0,R02C01,3998909168    ,Gervin,5,CD56+ NK-cells,IlluminaHumanMethylation450k,NK,No
CD56+_6,CD56+_6,Gervin6,NK,M,0,R03C01,3998909168    ,Gervin,6,CD56+ NK-cells,IlluminaHumanMethylation450k,NK,No
CD56+_12,CD56+_12,Gervin12,NK,M,0,R04C01,3998909168    ,Gervin,12,CD56+ NK-cells,IlluminaHumanMethylation450k,NK,No
CD56+_16,CD56+_16,Gervin16,NK,M,0,R05C01,3998909168    ,Gervin,16,CD56+ NK-cells,IlluminaHumanMethylation450k,NK,No
CD56+_17,CD56+_17,Gervin17,NK,M,0,R06C01,3998909168    ,Gervin,17,CD56+ NK-cells,IlluminaHumanMethylation450k,NK,No
CD56+_18,CD56+_18,Gervin18,NK,F,0,R01C02,3998909168    ,Gervin,18,CD56+ NK-cells,IlluminaHumanMethylation450k,NK,No
CD56+_20,CD56+_20,Gervin20,NK,F,0,R02C02,3998909168    ,Gervin,20,CD56+ NK-cells,IlluminaHumanMethylation450k,NK,No
CD56+_21,CD56+_21,Gervin21,NK,F,0,R03C02,3998909168    ,Gervin,21,CD56+ NK-cells,IlluminaHumanMethylation450k,NK,No
CD56+_22,CD56+_22,Gervin22,NK,F,0,R04C02,3998909168    ,Gervin,22,CD56+ NK-cells,IlluminaHumanMethylation450k,NK,No
CD56+_23,CD56+_23,Gervin23,NK,F,0,R05C02,3998909168    ,Gervin,23,CD56+ NK-cells,IlluminaHumanMethylation450k,NK,No
Gran_4,Gran_4,Gervin4,Gran,F,0,R01C01,3998909184    ,Gervin,4,Granulocytes,IlluminaHumanMethylation450k,Gran,No
Gran_5,Gran_5,Gervin5,Gran,M,0,R02C01,3998909184    ,Gervin,5,Granulocytes,IlluminaHumanMethylation450k,Gran,No
Gran_6,Gran_6,Gervin6,Gran,M,0,R03C01,3998909184    ,Gervin,6,Granulocytes,IlluminaHumanMethylation450k,Gran,No
Gran_12,Gran_12,Gervin12,Gran,M,0,R04C01,3998909184    ,Gervin,12,Granulocytes,IlluminaHumanMethylation450k,Gran,No
Gran_16,Gran_16,Gervin16,Gran,M,0,R05C01,3998909184    ,Gervin,16,Granulocytes,IlluminaHumanMethylation450k,Gran,No
Gran_17,Gran_17,Gervin17,Gran,M,0,R06C01,3998909184    ,Gervin,17,Granulocytes,IlluminaHumanMethylation450k,Gran,No
Gran_18,Gran_18,Gervin18,Gran,F,0,R01C02,3998909184    ,Gervin,18,Granulocytes,IlluminaHumanMethylation450k,Gran,No
Gran_20,Gran_20,Gervin20,Gran,F,0,R02C02,3998909184    ,Gervin,20,Granulocytes,IlluminaHumanMethylation450k,Gran,No
Gran_21,Gran_21,Gervin21,Gran,F,0,R03C02,3998909184    ,Gervin,21,Granulocytes,IlluminaHumanMethylation450k,Gran,No
Gran_22,Gran_22,Gervin22,Gran,F,0,R04C02,3998909184    ,Gervin,22,Granulocytes,IlluminaHumanMethylation450k,Gran,No
Gran_23,Gran_23,Gervin23,Gran,F,0,R05C02,3998909184    ,Gervin,23,Granulocytes,IlluminaHumanMethylation450k,Gran,No
WB_4,WB_4,Gervin4,WBC,F,0,R01C01,3998909187    ,Gervin,4,Whole blood,IlluminaHumanMethylation450k,WBC,No
WB_5,WB_5,Gervin5,WBC,M,0,R02C01,3998909187    ,Gervin,5,Whole blood,IlluminaHumanMethylation450k,WBC,No
WB_6,WB_6,Gervin6,WBC,M,0,R03C01,3998909187    ,Gervin,6,Whole blood,IlluminaHumanMethylation450k,WBC,No
WB_12,WB_12,Gervin12,WBC,M,0,R04C01,3998909187    ,Gervin,12,Whole blood,IlluminaHumanMethylation450k,WBC,No
WB_16,WB_16,Gervin16,WBC,M,0,R05C01,3998909187    ,Gervin,16,Whole blood,IlluminaHumanMethylation450k,WBC,No
WB_17,WB_17,Gervin17,WBC,M,0,R06C01,3998909187    ,Gervin,17,Whole blood,IlluminaHumanMethylation450k,WBC,No
WB_18,WB_18,Gervin18,WBC,F,0,R01C02,3998909187    ,Gervin,18,Whole blood,IlluminaHumanMethylation450k,WBC,No
WB_20,WB_20,Gervin20,WBC,F,0,R02C02,3998909187    ,Gervin,20,Whole blood,IlluminaHumanMethylation450k,WBC,No
WB_21,WB_21,Gervin21,WBC,F,0,R03C02,3998909187    ,Gervin,21,Whole blood,IlluminaHumanMethylation450k,WBC,No
WB_22,WB_22,Gervin22,WBC,F,0,R04C02,3998909187    ,Gervin,22,Whole blood,IlluminaHumanMethylation450k,WBC,No
WB_23,WB_23,Gervin23,WBC,F,0,R05C02,3998909187    ,Gervin,23,Whole blood,IlluminaHumanMethylation450k,WBC,No
GSM1672155,Monocyte_standard_FACS_ind1,deGoedeTS114,Mono,M,0,NA,NA,deGoede,TS114,Mono,IlluminaHumanMethylation450k,Mono,No
GSM1672158,Monocyte_standard_FACS_ind2,deGoedeTS115,Mono,M,0,NA,NA,deGoede,TS115,Mono,IlluminaHumanMethylation450k,Mono,No
GSM1672161,Monocyte_standard_FACS_ind3,deGoedeTS116,Mono,F,0,NA,NA,deGoede,TS116,Mono,IlluminaHumanMethylation450k,Mono,No
GSM1672164,Monocyte_standard_FACS_ind4,deGoedeTS117,Mono,F,0,NA,NA,deGoede,TS117,Mono,IlluminaHumanMethylation450k,Mono,No
GSM1672167,Monocyte_standard_FACS_ind5,deGoedeTS118,Mono,M,0,NA,NA,deGoede,TS118,Mono,IlluminaHumanMethylation450k,Mono,No
GSM1672169,Bcell_stringent_FACS_ind6,deGoedeTS190,Bcell,F,0,NA,NA,deGoede,TS190,Bcell,IlluminaHumanMethylation450k,Bcell,No
GSM1672170,CD4Tcell_stringent_FACS_ind6,deGoedeTS190,CD4T,F,0,NA,NA,deGoede,TS190,CD4T,IlluminaHumanMethylation450k,CD4T,No
GSM1672171,CD8Tcell_stringent_FACS_ind6,deGoedeTS190,CD8T,F,0,NA,NA,deGoede,TS190,CD8T,IlluminaHumanMethylation450k,CD8T,No
GSM1672172,Granulocyte_stringent_FACS_ind6,deGoedeTS190,Gran,F,0,NA,NA,deGoede,TS190,Gran,IlluminaHumanMethylation450k,Gran,No
GSM1672173,Monocyte_stringent_FACS_ind6,deGoedeTS190,Mono,F,0,NA,NA,deGoede,TS190,Mono,IlluminaHumanMethylation450k,Mono,No
GSM1672174,NKcell_stringent_FACS_ind6,deGoedeTS190,NK,F,0,NA,NA,deGoede,TS190,NK,IlluminaHumanMethylation450k,NK,No
GSM1672175,nRBC_stringent_FACS_ind6,deGoedeTS190,nRBC,F,0,NA,NA,deGoede,TS190,nRBC,IlluminaHumanMethylation450k,nRBC,No
GSM1672176,Bcell_stringent_FACS_ind7,deGoedeTS191,Bcell,M,0,NA,NA,deGoede,TS191,Bcell,IlluminaHumanMethylation450k,Bcell,No
GSM1672177,CD4Tcell_stringent_FACS_ind7,deGoedeTS191,CD4T,M,0,NA,NA,deGoede,TS191,CD4T,IlluminaHumanMethylation450k,CD4T,No
GSM1672178,CD8Tcell_stringent_FACS_ind7,deGoedeTS191,CD8T,M,0,NA,NA,deGoede,TS191,CD8T,IlluminaHumanMethylation450k,CD8T,No
GSM1672179,Granulocyte_stringent_FACS_ind7,deGoedeTS191,Gran,M,0,NA,NA,deGoede,TS191,Gran,IlluminaHumanMethylation450k,Gran,No
GSM1672180,Monocyte_stringent_FACS_ind7,deGoedeTS191,Mono,M,0,NA,NA,deGoede,TS191,Mono,IlluminaHumanMethylation450k,Mono,No
GSM1672181,NKcell_stringent_FACS_ind7,deGoedeTS191,NK,M,0,NA,NA,deGoede,TS191,NK,IlluminaHumanMethylation450k,NK,No
GSM1672182,nRBC_stringent_FACS_ind7,deGoedeTS191,nRBC,M,0,NA,NA,deGoede,TS191,nRBC,IlluminaHumanMethylation450k,nRBC,No
GSM1672183,Bcell_stringent_FACS_ind8,deGoedeTS192,Bcell,M,0,NA,NA,deGoede,TS192,Bcell,IlluminaHumanMethylation450k,Bcell,No
GSM1672184,CD4Tcell_stringent_FACS_ind8,deGoedeTS192,CD4T,M,0,NA,NA,deGoede,TS192,CD4T,IlluminaHumanMethylation450k,CD4T,No
GSM1672185,CD8Tcell_stringent_FACS_ind8,deGoedeTS192,CD8T,M,0,NA,NA,deGoede,TS192,CD8T,IlluminaHumanMethylation450k,CD8T,No
GSM1672186,Granulocyte_stringent_FACS_ind8,deGoedeTS192,Gran,M,0,NA,NA,deGoede,TS192,Gran,IlluminaHumanMethylation450k,Gran,No
GSM1672187,Monocyte_stringent_FACS_ind8,deGoedeTS192,Mono,M,0,NA,NA,deGoede,TS192,Mono,IlluminaHumanMethylation450k,Mono,No
GSM1672188,NKcell_stringent_FACS_ind8,deGoedeTS192,NK,M,0,NA,NA,deGoede,TS192,NK,IlluminaHumanMethylation450k,NK,No
GSM1672189,nRBC_stringent_FACS_ind8,deGoedeTS192,nRBC,M,0,NA,NA,deGoede,TS192,nRBC,IlluminaHumanMethylation450k,nRBC,No
GSM1672190,Bcell_stringent_FACS_ind9,deGoedeTS193,Bcell,F,0,NA,NA,deGoede,TS193,Bcell,IlluminaHumanMethylation450k,Bcell,No
GSM1672191,CD4Tcell_stringent_FACS_ind9,deGoedeTS193,CD4T,F,0,NA,NA,deGoede,TS193,CD4T,IlluminaHumanMethylation450k,CD4T,No
GSM1672192,Granulocyte_stringent_FACS_ind9,deGoedeTS193,Gran,F,0,NA,NA,deGoede,TS193,Gran,IlluminaHumanMethylation450k,Gran,No
GSM1672193,Monocyte_stringent_FACS_ind9,deGoedeTS193,Mono,F,0,NA,NA,deGoede,TS193,Mono,IlluminaHumanMethylation450k,Mono,No
GSM1672194,NKcell_stringent_FACS_ind9,deGoedeTS193,NK,F,0,NA,NA,deGoede,TS193,NK,IlluminaHumanMethylation450k,NK,No
GSM1672195,nRBC_stringent_FACS_ind9,deGoedeTS193,nRBC,F,0,NA,NA,deGoede,TS193,nRBC,IlluminaHumanMethylation450k,nRBC,No
GSM1672196,Bcell_stringent_FACS_ind10,deGoedeTS194,Bcell,F,0,NA,NA,deGoede,TS194,Bcell,IlluminaHumanMethylation450k,Bcell,No
GSM1672197,CD4Tcell_stringent_FACS_ind10,deGoedeTS194,CD4T,F,0,NA,NA,deGoede,TS194,CD4T,IlluminaHumanMethylation450k,CD4T,No
GSM1672198,CD8Tcell_stringent_FACS_ind10,deGoedeTS194,CD8T,F,0,NA,NA,deGoede,TS194,CD8T,IlluminaHumanMethylation450k,CD8T,No
GSM1672199,Granulocyte_stringent_FACS_ind10,deGoedeTS194,Gran,F,0,NA,NA,deGoede,TS194,Gran,IlluminaHumanMethylation450k,Gran,No
GSM1672200,Monocyte_stringent_FACS_ind10,deGoedeTS194,Mono,F,0,NA,NA,deGoede,TS194,Mono,IlluminaHumanMethylation450k,Mono,No
GSM1672201,NKcell_stringent_FACS_ind10,deGoedeTS194,NK,F,0,NA,NA,deGoede,TS194,NK,IlluminaHumanMethylation450k,NK,No
GSM1672202,nRBC_stringent_FACS_ind10,deGoedeTS194,nRBC,F,0,NA,NA,deGoede,TS194,nRBC,IlluminaHumanMethylation450k,nRBC,No
GSM1672203,Bcell_stringent_FACS_ind11,deGoedeTS198,Bcell,F,0,NA,NA,deGoede,TS198,Bcell,IlluminaHumanMethylation450k,Bcell,No
GSM1672204,CD4Tcell_stringent_FACS_ind11,deGoedeTS198,CD4T,F,0,NA,NA,deGoede,TS198,CD4T,IlluminaHumanMethylation450k,CD4T,No
GSM1672205,CD8Tcell_stringent_FACS_ind11,deGoedeTS198,CD8T,F,0,NA,NA,deGoede,TS198,CD8T,IlluminaHumanMethylation450k,CD8T,No
GSM1672206,Granulocyte_stringent_FACS_ind11,deGoedeTS198,Gran,F,0,NA,NA,deGoede,TS198,Gran,IlluminaHumanMethylation450k,Gran,No
GSM1672207,Monocyte_stringent_FACS_ind11,deGoedeTS198,Mono,F,0,NA,NA,deGoede,TS198,Mono,IlluminaHumanMethylation450k,Mono,No
GSM1672208,nRBC_stringent_FACS_ind11,deGoedeTS198,nRBC,F,0,NA,NA,deGoede,TS198,nRBC,IlluminaHumanMethylation450k,nRBC,No
GSM1672209,Bcell_stringent_FACS_ind12,deGoedeTS199,Bcell,F,0,NA,NA,deGoede,TS199,Bcell,IlluminaHumanMethylation450k,Bcell,No
GSM1672210,CD4Tcell_stringent_FACS_ind12,deGoedeTS199,CD4T,F,0,NA,NA,deGoede,TS199,CD4T,IlluminaHumanMethylation450k,CD4T,No
GSM1672211,CD8Tcell_stringent_FACS_ind12,deGoedeTS199,CD8T,F,0,NA,NA,deGoede,TS199,CD8T,IlluminaHumanMethylation450k,CD8T,No
GSM1672212,Granulocyte_stringent_FACS_ind12,deGoedeTS199,Gran,F,0,NA,NA,deGoede,TS199,Gran,IlluminaHumanMethylation450k,Gran,No
GSM1672213,Monocyte_stringent_FACS_ind12,deGoedeTS199,Mono,F,0,NA,NA,deGoede,TS199,Mono,IlluminaHumanMethylation450k,Mono,No
GSM1672214,NKcell_stringent_FACS_ind12,deGoedeTS199,NK,F,0,NA,NA,deGoede,TS199,NK,IlluminaHumanMethylation450k,NK,No
GSM1672215,nRBC_stringent_FACS_ind12,deGoedeTS199,nRBC,F,0,NA,NA,deGoede,TS199,nRBC,IlluminaHumanMethylation450k,nRBC,No
200693480050_R01C01,M4-Chi,LinM4,CD4T,M,0,R01C01,200693480050    ,Lin,NA,CD4T,IlluminaHumanMethylationEPIC,CD4T,No
200693480050_R03C01,F2-Chi,LinF2,NK,F,0,R03C01,200693480050    ,Lin,NA,NK,IlluminaHumanMethylationEPIC,NK,No
200693480050_R08C01,M12-Ind,LinM12,Mono,M,0,R08C01,200693480050    ,Lin,NA,Mono,IlluminaHumanMethylationEPIC,Mono,No
200693480140_R01C01,M7-Mal,LinM7,CD4T,M,0,R01C01,200693480140    ,Lin,NA,CD4T,IlluminaHumanMethylationEPIC,CD4T,No
200693480140_R07C01,M9-Mal,LinM9,Mono,M,0,R07C01,200693480140    ,Lin,NA,Mono,IlluminaHumanMethylationEPIC,Mono,No
200693480149_R06C01,M3-Chi,LinM3,CD8T,M,0,R06C01,200693480149    ,Lin,NA,CD8T,IlluminaHumanMethylationEPIC,CD8T,No
200693480149_R08C01,M5-Chi,LinM5,Gran,M,0,R08C01,200693480149    ,Lin,NA,Gran,IlluminaHumanMethylationEPIC,Gran,No
200693480160_R03C01,M7-Mal,LinM7,Bcell,M,0,R03C01,200693480160    ,Lin,NA,Bcell,IlluminaHumanMethylationEPIC,Bcell,No
200693480160_R07C01,U13-Ind,LinU13,Gran,NA,0,R07C01,200693480160    ,Lin,NA,Gran,IlluminaHumanMethylationEPIC,Gran,No
200693480162_R03C01,M5-Chi,LinM5,CD8T,M,0,R03C01,200693480162    ,Lin,NA,CD8T,IlluminaHumanMethylationEPIC,CD8T,No
200705360061_R02C01,M8-Mal,LinM8,Mono,M,0,R02C01,200705360061    ,Lin,NA,Mono,IlluminaHumanMethylationEPIC,Mono,No
200705360061_R07C01,U13-Ind,LinU13,Bcell,NA,0,R07C01,200705360061    ,Lin,NA,Bcell,IlluminaHumanMethylationEPIC,Bcell,No
200705360097_R01C01,F1-Chi,LinF1,NK,F,0,R01C01,200705360097    ,Lin,NA,NK,IlluminaHumanMethylationEPIC,NK,No
200705360097_R07C01,M3-Chi,LinM3,Mono,M,0,R07C01,200705360097    ,Lin,NA,Mono,IlluminaHumanMethylationEPIC,Mono,No
200705360097_R08C01,M12-Ind,LinM12,CD8T,M,0,R08C01,200705360097    ,Lin,NA,CD8T,IlluminaHumanMethylationEPIC,CD8T,No
200705360101_R04C01,M8-Mal,LinM8,Gran,M,0,R04C01,200705360101    ,Lin,NA,Gran,IlluminaHumanMethylationEPIC,Gran,No
200705360101_R05C01,M11-Ind,LinM11,Bcell,M,0,R05C01,200705360101    ,Lin,NA,Bcell,IlluminaHumanMethylationEPIC,Bcell,No
200705360101_R08C01,M7-Mal,LinM7,NK,M,0,R08C01,200705360101    ,Lin,NA,NK,IlluminaHumanMethylationEPIC,NK,No
200705860045_R02C01,M3-Chi,LinM3,Bcell,M,0,R02C01,200705860045    ,Lin,NA,Bcell,IlluminaHumanMethylationEPIC,Bcell,No
200705860045_R03C01,M5-Chi,LinM5,Mono,M,0,R03C01,200705860045    ,Lin,NA,Mono,IlluminaHumanMethylationEPIC,Mono,No
200705860045_R05C01,F1-Chi,LinF1,CD4T,F,0,R05C01,200705860045    ,Lin,NA,CD4T,IlluminaHumanMethylationEPIC,CD4T,No
200705940016_R07C01,F10-Ind,LinF10,Mono,F,0,R07C01,200705940016    ,Lin,NA,Mono,IlluminaHumanMethylationEPIC,Mono,No
200693480096_R02C01,U13-Ind,LinU13,CD4T,NA,0,R02C01,200693480096    ,Lin,NA,CD4T,IlluminaHumanMethylationEPIC,CD4T,No
200693480096_R07C01,F1-Chi,LinF1,CD8T,F,0,R07C01,200693480096    ,Lin,NA,CD8T,IlluminaHumanMethylationEPIC,CD8T,No
200693480113_R02C01,M12-Ind,LinM12,NK,M,0,R02C01,200693480113    ,Lin,NA,NK,IlluminaHumanMethylationEPIC,NK,No
200693480113_R03C01,M9-Mal,LinM9,CD4T,M,0,R03C01,200693480113    ,Lin,NA,CD4T,IlluminaHumanMethylationEPIC,CD4T,No
200693480117_R03C01,F2-Chi,LinF2,CD8T,F,0,R03C01,200693480117    ,Lin,NA,CD8T,IlluminaHumanMethylationEPIC,CD8T,No
200693480117_R05C01,M14-Ind,LinM14,CD4T,M,0,R05C01,200693480117    ,Lin,NA,CD4T,IlluminaHumanMethylationEPIC,CD4T,No
200693480117_R07C01,M11-Ind,LinM11,Mono,M,0,R07C01,200693480117    ,Lin,NA,Mono,IlluminaHumanMethylationEPIC,Mono,No
200693480117_R08C01,M6-Mal,LinM6,Gran,M,0,R08C01,200693480117    ,Lin,NA,Gran,IlluminaHumanMethylationEPIC,Gran,No
200693480124_R01C01,M5-Chi,LinM5,NK,M,0,R01C01,200693480124    ,Lin,NA,NK,IlluminaHumanMethylationEPIC,NK,No
200693480124_R07C01,M14-Ind,LinM14,CD8T,M,0,R07C01,200693480124    ,Lin,NA,CD8T,IlluminaHumanMethylationEPIC,CD8T,No
200693480130_R04C01,F1-Chi,LinF1,Mono,F,0,R04C01,200693480130    ,Lin,NA,Mono,IlluminaHumanMethylationEPIC,Mono,No
200693480131_R02C01,F1-Chi,LinF1,Gran,F,0,R02C01,200693480131    ,Lin,NA,Gran,IlluminaHumanMethylationEPIC,Gran,No
200693480131_R07C01,M6-Mal,LinM6,CD8T,M,0,R07C01,200693480131    ,Lin,NA,CD8T,IlluminaHumanMethylationEPIC,CD8T,No
200693480131_R08C01,M5-Chi,LinM5,Bcell,M,0,R08C01,200693480131    ,Lin,NA,Bcell,IlluminaHumanMethylationEPIC,Bcell,No
200693480132_R01C01,F10-Ind,LinF10,CD8T,F,0,R01C01,200693480132    ,Lin,NA,CD8T,IlluminaHumanMethylationEPIC,CD8T,No
200693480132_R05C01,M9-Mal,LinM9,Gran,M,0,R05C01,200693480132    ,Lin,NA,Gran,IlluminaHumanMethylationEPIC,Gran,No
200693480132_R07C01,M14-Ind,LinM14,NK,M,0,R07C01,200693480132    ,Lin,NA,NK,IlluminaHumanMethylationEPIC,NK,No
200693480133_R03C01,M4-Chi,LinM4,Bcell,M,0,R03C01,200693480133    ,Lin,NA,Bcell,IlluminaHumanMethylationEPIC,Bcell,No
200693480133_R04C01,M12-Ind,LinM12,CD4T,M,0,R04C01,200693480133    ,Lin,NA,CD4T,IlluminaHumanMethylationEPIC,CD4T,No
200693480133_R06C01,F2-Chi,LinF2,Mono,F,0,R06C01,200693480133    ,Lin,NA,Mono,IlluminaHumanMethylationEPIC,Mono,No
200693480137_R07C01,F2-Chi,LinF2,CD4T,F,0,R07C01,200693480137    ,Lin,NA,CD4T,IlluminaHumanMethylationEPIC,CD4T,No
200693480138_R07C01,M11-Ind,LinM11,Gran,M,0,R07C01,200693480138    ,Lin,NA,Gran,IlluminaHumanMethylationEPIC,Gran,No
200693480055_R04C01,M4-Chi,LinM4,Mono,M,0,R04C01,200693480055    ,Lin,NA,Mono,IlluminaHumanMethylationEPIC,Mono,No
200693480055_R06C01,M9-Mal,LinM9,NK,M,0,R06C01,200693480055    ,Lin,NA,NK,IlluminaHumanMethylationEPIC,NK,No
200705360014_R02C01,U13-Ind,LinU13,CD8T,NA,0,R02C01,200705360014    ,Lin,NA,CD8T,IlluminaHumanMethylationEPIC,CD8T,No
200705360014_R08C01,M6-Mal,LinM6,CD4T,M,0,R08C01,200705360014    ,Lin,NA,CD4T,IlluminaHumanMethylationEPIC,CD4T,No
200705360063_R04C01,M6-Mal,LinM6,Bcell,M,0,R04C01,200705360063    ,Lin,NA,Bcell,IlluminaHumanMethylationEPIC,Bcell,No
200705360063_R06C01,M14-Ind,LinM14,Mono,M,0,R06C01,200705360063    ,Lin,NA,Mono,IlluminaHumanMethylationEPIC,Mono,No
200705360068_R02C01,M14-Ind,LinM14,Gran,M,0,R02C01,200705360068    ,Lin,NA,Gran,IlluminaHumanMethylationEPIC,Gran,No
200705360068_R03C01,M6-Mal,LinM6,Mono,M,0,R03C01,200705360068    ,Lin,NA,Mono,IlluminaHumanMethylationEPIC,Mono,No
200705360068_R04C01,M8-Mal,LinM8,CD8T,M,0,R04C01,200705360068    ,Lin,NA,CD8T,IlluminaHumanMethylationEPIC,CD8T,No
200705360094_R05C01,F10-Ind,LinF10,NK,F,0,R05C01,200705360094    ,Lin,NA,NK,IlluminaHumanMethylationEPIC,NK,No
200705860009_R01C01,M7-Mal,LinM7,Mono,M,0,R01C01,200705860009    ,Lin,NA,Mono,IlluminaHumanMethylationEPIC,Mono,No
200705860044_R02C01,M12-Ind,LinM12,Bcell,M,0,R02C01,200705860044    ,Lin,NA,Bcell,IlluminaHumanMethylationEPIC,Bcell,No
200705860044_R04C01,M3-Chi,LinM3,CD4T,M,0,R04C01,200705860044    ,Lin,NA,CD4T,IlluminaHumanMethylationEPIC,CD4T,No
200705860054_R06C01,F1-Chi,LinF1,Bcell,F,0,R06C01,200705860054    ,Lin,NA,Bcell,IlluminaHumanMethylationEPIC,Bcell,No
200705860054_R08C01,M9-Mal,LinM9,CD8T,M,0,R08C01,200705860054    ,Lin,NA,CD8T,IlluminaHumanMethylationEPIC,CD8T,No
200705940017_R05C01,M9-Mal,LinM9,Bcell,M,0,R05C01,200705940017    ,Lin,NA,Bcell,IlluminaHumanMethylationEPIC,Bcell,No
200705940017_R08C01,M4-Chi,LinM4,NK,M,0,R08C01,200705940017    ,Lin,NA,NK,IlluminaHumanMethylationEPIC,NK,No
200693480077_R01C01,M3-Chi,LinM3,NK,M,0,R01C01,200693480077    ,Lin,NA,NK,IlluminaHumanMethylationEPIC,NK,No
200693480078_R02C01,F2-Chi,LinF2,Gran,F,0,R02C01,200693480078    ,Lin,NA,Gran,IlluminaHumanMethylationEPIC,Gran,No
200705360013_R02C01,M11-Ind,LinM11,CD8T,M,0,R02C01,200705360013    ,Lin,NA,CD8T,IlluminaHumanMethylationEPIC,CD8T,No
200705360013_R05C01,M5-Chi,LinM5,CD4T,M,0,R05C01,200705360013    ,Lin,NA,CD4T,IlluminaHumanMethylationEPIC,CD4T,No
200705360013_R06C01,M12-Ind,LinM12,Gran,M,0,R06C01,200705360013    ,Lin,NA,Gran,IlluminaHumanMethylationEPIC,Gran,No
200705360022_R04C01,F10-Ind,LinF10,Gran,F,0,R04C01,200705360022    ,Lin,NA,Gran,IlluminaHumanMethylationEPIC,Gran,No
200705360022_R06C01,M8-Mal,LinM8,CD4T,M,0,R06C01,200705360022    ,Lin,NA,CD4T,IlluminaHumanMethylationEPIC,CD4T,No
200705360058_R01C01,M11-Ind,LinM11,CD4T,M,0,R01C01,200705360058    ,Lin,NA,CD4T,IlluminaHumanMethylationEPIC,CD4T,No
200705360058_R02C01,F10-Ind,LinF10,Bcell,F,0,R02C01,200705360058    ,Lin,NA,Bcell,IlluminaHumanMethylationEPIC,Bcell,No
200705360058_R03C01,M8-Mal,LinM8,NK,M,0,R03C01,200705360058    ,Lin,NA,NK,IlluminaHumanMethylationEPIC,NK,No
200705360058_R04C01,M7-Mal,LinM7,CD8T,M,0,R04C01,200705360058    ,Lin,NA,CD8T,IlluminaHumanMethylationEPIC,CD8T,No
200705360058_R05C01,U13-Ind,LinU13,Mono,NA,0,R05C01,200705360058    ,Lin,NA,Mono,IlluminaHumanMethylationEPIC,Mono,No
200705360058_R07C01,M4-Chi,LinM4,Gran,M,0,R07C01,200705360058    ,Lin,NA,Gran,IlluminaHumanMethylationEPIC,Gran,No
200705360060_R06C01,F10-Ind,LinF10,CD4T,F,0,R06C01,200705360060    ,Lin,NA,CD4T,IlluminaHumanMethylationEPIC,CD4T,No
200705360060_R08C01,M6-Mal,LinM6,NK,M,0,R08C01,200705360060    ,Lin,NA,NK,IlluminaHumanMethylationEPIC,NK,No
200705360089_R04C01,M11-Ind,LinM11,NK,M,0,R04C01,200705360089    ,Lin,NA,NK,IlluminaHumanMethylationEPIC,NK,No
200705360089_R06C01,M3-Chi,LinM3,Gran,M,0,R06C01,200705360089    ,Lin,NA,Gran,IlluminaHumanMethylationEPIC,Gran,No
200705360089_R08C01,M8-Mal,LinM8,Bcell,M,0,R08C01,200705360089    ,Lin,NA,Bcell,IlluminaHumanMethylationEPIC,Bcell,No
200705360090_R01C01,F2-Chi,LinF2,Bcell,F,0,R01C01,200705360090    ,Lin,NA,Bcell,IlluminaHumanMethylationEPIC,Bcell,No
200705360098_R04C01,M4-Chi,LinM4,CD8T,M,0,R04C01,200705360098    ,Lin,NA,CD8T,IlluminaHumanMethylationEPIC,CD8T,No
200705360098_R08C01,U13-Ind,LinU13,NK,NA,0,R08C01,200705360098    ,Lin,NA,NK,IlluminaHumanMethylationEPIC,NK,No
200705360110_R03C01,M7-Mal,LinM7,Gran,M,0,R03C01,200705360110    ,Lin,NA,Gran,IlluminaHumanMethylationEPIC,Gran,No
